"","V1","V2"
"1",1,"WALKING"
"2",1,"WALKING"
"3",1,"WALKING"
"4",1,"WALKING"
"5",1,"WALKING"
"6",1,"WALKING"
"7",1,"WALKING"
"8",1,"WALKING"
"9",1,"WALKING"
"10",1,"WALKING"
"11",1,"WALKING"
"12",1,"WALKING"
"13",1,"WALKING"
"14",1,"WALKING"
"15",1,"WALKING"
"16",1,"WALKING"
"17",1,"WALKING"
"18",1,"WALKING"
"19",1,"WALKING"
"20",1,"WALKING"
"21",1,"WALKING"
"22",1,"WALKING"
"23",1,"WALKING"
"24",1,"WALKING"
"25",1,"WALKING"
"26",1,"WALKING"
"27",1,"WALKING"
"28",1,"WALKING"
"29",1,"WALKING"
"30",1,"WALKING"
"31",1,"WALKING"
"32",1,"WALKING"
"33",1,"WALKING"
"34",1,"WALKING"
"35",1,"WALKING"
"36",1,"WALKING"
"37",1,"WALKING"
"38",1,"WALKING"
"39",1,"WALKING"
"40",1,"WALKING"
"41",1,"WALKING"
"42",1,"WALKING"
"43",1,"WALKING"
"44",1,"WALKING"
"45",1,"WALKING"
"46",1,"WALKING"
"47",1,"WALKING"
"48",1,"WALKING"
"49",1,"WALKING"
"50",1,"WALKING"
"51",1,"WALKING"
"52",1,"WALKING"
"53",1,"WALKING"
"54",1,"WALKING"
"55",1,"WALKING"
"56",1,"WALKING"
"57",1,"WALKING"
"58",1,"WALKING"
"59",1,"WALKING"
"60",1,"WALKING"
"61",1,"WALKING"
"62",1,"WALKING"
"63",1,"WALKING"
"64",1,"WALKING"
"65",1,"WALKING"
"66",1,"WALKING"
"67",1,"WALKING"
"68",1,"WALKING"
"69",1,"WALKING"
"70",1,"WALKING"
"71",1,"WALKING"
"72",1,"WALKING"
"73",1,"WALKING"
"74",1,"WALKING"
"75",1,"WALKING"
"76",1,"WALKING"
"77",1,"WALKING"
"78",1,"WALKING"
"79",1,"WALKING"
"80",1,"WALKING"
"81",1,"WALKING"
"82",1,"WALKING"
"83",1,"WALKING"
"84",1,"WALKING"
"85",1,"WALKING"
"86",1,"WALKING"
"87",1,"WALKING"
"88",1,"WALKING"
"89",1,"WALKING"
"90",1,"WALKING"
"91",1,"WALKING"
"92",1,"WALKING"
"93",1,"WALKING"
"94",1,"WALKING"
"95",1,"WALKING"
"96",1,"WALKING"
"97",1,"WALKING"
"98",1,"WALKING"
"99",1,"WALKING"
"100",1,"WALKING"
"101",1,"WALKING"
"102",1,"WALKING"
"103",1,"WALKING"
"104",1,"WALKING"
"105",1,"WALKING"
"106",1,"WALKING"
"107",1,"WALKING"
"108",1,"WALKING"
"109",1,"WALKING"
"110",1,"WALKING"
"111",1,"WALKING"
"112",1,"WALKING"
"113",1,"WALKING"
"114",1,"WALKING"
"115",1,"WALKING"
"116",1,"WALKING"
"117",1,"WALKING"
"118",1,"WALKING"
"119",1,"WALKING"
"120",1,"WALKING"
"121",1,"WALKING"
"122",1,"WALKING"
"123",1,"WALKING"
"124",1,"WALKING"
"125",1,"WALKING"
"126",1,"WALKING"
"127",1,"WALKING"
"128",1,"WALKING"
"129",1,"WALKING"
"130",1,"WALKING"
"131",1,"WALKING"
"132",1,"WALKING"
"133",1,"WALKING"
"134",1,"WALKING"
"135",1,"WALKING"
"136",1,"WALKING"
"137",1,"WALKING"
"138",1,"WALKING"
"139",1,"WALKING"
"140",1,"WALKING"
"141",1,"WALKING"
"142",1,"WALKING"
"143",1,"WALKING"
"144",1,"WALKING"
"145",1,"WALKING"
"146",1,"WALKING"
"147",1,"WALKING"
"148",1,"WALKING"
"149",1,"WALKING"
"150",1,"WALKING"
"151",1,"WALKING"
"152",1,"WALKING"
"153",1,"WALKING"
"154",1,"WALKING"
"155",1,"WALKING"
"156",1,"WALKING"
"157",1,"WALKING"
"158",1,"WALKING"
"159",1,"WALKING"
"160",1,"WALKING"
"161",1,"WALKING"
"162",1,"WALKING"
"163",1,"WALKING"
"164",1,"WALKING"
"165",1,"WALKING"
"166",1,"WALKING"
"167",1,"WALKING"
"168",1,"WALKING"
"169",1,"WALKING"
"170",1,"WALKING"
"171",1,"WALKING"
"172",1,"WALKING"
"173",1,"WALKING"
"174",1,"WALKING"
"175",1,"WALKING"
"176",1,"WALKING"
"177",1,"WALKING"
"178",1,"WALKING"
"179",1,"WALKING"
"180",1,"WALKING"
"181",1,"WALKING"
"182",1,"WALKING"
"183",1,"WALKING"
"184",1,"WALKING"
"185",1,"WALKING"
"186",1,"WALKING"
"187",1,"WALKING"
"188",1,"WALKING"
"189",1,"WALKING"
"190",1,"WALKING"
"191",1,"WALKING"
"192",1,"WALKING"
"193",1,"WALKING"
"194",1,"WALKING"
"195",1,"WALKING"
"196",1,"WALKING"
"197",1,"WALKING"
"198",1,"WALKING"
"199",1,"WALKING"
"200",1,"WALKING"
"201",1,"WALKING"
"202",1,"WALKING"
"203",1,"WALKING"
"204",1,"WALKING"
"205",1,"WALKING"
"206",1,"WALKING"
"207",1,"WALKING"
"208",1,"WALKING"
"209",1,"WALKING"
"210",1,"WALKING"
"211",1,"WALKING"
"212",1,"WALKING"
"213",1,"WALKING"
"214",1,"WALKING"
"215",1,"WALKING"
"216",1,"WALKING"
"217",1,"WALKING"
"218",1,"WALKING"
"219",1,"WALKING"
"220",1,"WALKING"
"221",1,"WALKING"
"222",1,"WALKING"
"223",1,"WALKING"
"224",1,"WALKING"
"225",1,"WALKING"
"226",1,"WALKING"
"227",1,"WALKING"
"228",1,"WALKING"
"229",1,"WALKING"
"230",1,"WALKING"
"231",1,"WALKING"
"232",1,"WALKING"
"233",1,"WALKING"
"234",1,"WALKING"
"235",1,"WALKING"
"236",1,"WALKING"
"237",1,"WALKING"
"238",1,"WALKING"
"239",1,"WALKING"
"240",1,"WALKING"
"241",1,"WALKING"
"242",1,"WALKING"
"243",1,"WALKING"
"244",1,"WALKING"
"245",1,"WALKING"
"246",1,"WALKING"
"247",1,"WALKING"
"248",1,"WALKING"
"249",1,"WALKING"
"250",1,"WALKING"
"251",1,"WALKING"
"252",1,"WALKING"
"253",1,"WALKING"
"254",1,"WALKING"
"255",1,"WALKING"
"256",1,"WALKING"
"257",1,"WALKING"
"258",1,"WALKING"
"259",1,"WALKING"
"260",1,"WALKING"
"261",1,"WALKING"
"262",1,"WALKING"
"263",1,"WALKING"
"264",1,"WALKING"
"265",1,"WALKING"
"266",1,"WALKING"
"267",1,"WALKING"
"268",1,"WALKING"
"269",1,"WALKING"
"270",1,"WALKING"
"271",1,"WALKING"
"272",1,"WALKING"
"273",1,"WALKING"
"274",1,"WALKING"
"275",1,"WALKING"
"276",1,"WALKING"
"277",1,"WALKING"
"278",1,"WALKING"
"279",1,"WALKING"
"280",1,"WALKING"
"281",1,"WALKING"
"282",1,"WALKING"
"283",1,"WALKING"
"284",1,"WALKING"
"285",1,"WALKING"
"286",1,"WALKING"
"287",1,"WALKING"
"288",1,"WALKING"
"289",1,"WALKING"
"290",1,"WALKING"
"291",1,"WALKING"
"292",1,"WALKING"
"293",1,"WALKING"
"294",1,"WALKING"
"295",1,"WALKING"
"296",1,"WALKING"
"297",1,"WALKING"
"298",1,"WALKING"
"299",1,"WALKING"
"300",1,"WALKING"
"301",1,"WALKING"
"302",1,"WALKING"
"303",1,"WALKING"
"304",1,"WALKING"
"305",1,"WALKING"
"306",1,"WALKING"
"307",1,"WALKING"
"308",1,"WALKING"
"309",1,"WALKING"
"310",1,"WALKING"
"311",1,"WALKING"
"312",1,"WALKING"
"313",1,"WALKING"
"314",1,"WALKING"
"315",1,"WALKING"
"316",1,"WALKING"
"317",1,"WALKING"
"318",1,"WALKING"
"319",1,"WALKING"
"320",1,"WALKING"
"321",1,"WALKING"
"322",1,"WALKING"
"323",1,"WALKING"
"324",1,"WALKING"
"325",1,"WALKING"
"326",1,"WALKING"
"327",1,"WALKING"
"328",1,"WALKING"
"329",1,"WALKING"
"330",1,"WALKING"
"331",1,"WALKING"
"332",1,"WALKING"
"333",1,"WALKING"
"334",1,"WALKING"
"335",1,"WALKING"
"336",1,"WALKING"
"337",1,"WALKING"
"338",1,"WALKING"
"339",1,"WALKING"
"340",1,"WALKING"
"341",1,"WALKING"
"342",1,"WALKING"
"343",1,"WALKING"
"344",1,"WALKING"
"345",1,"WALKING"
"346",1,"WALKING"
"347",1,"WALKING"
"348",3,"WALKING_DOWNSTAIRS"
"349",3,"WALKING_DOWNSTAIRS"
"350",3,"WALKING_DOWNSTAIRS"
"351",3,"WALKING_DOWNSTAIRS"
"352",3,"WALKING_DOWNSTAIRS"
"353",3,"WALKING_DOWNSTAIRS"
"354",3,"WALKING_DOWNSTAIRS"
"355",3,"WALKING_DOWNSTAIRS"
"356",3,"WALKING_DOWNSTAIRS"
"357",3,"WALKING_DOWNSTAIRS"
"358",3,"WALKING_DOWNSTAIRS"
"359",3,"WALKING_DOWNSTAIRS"
"360",3,"WALKING_DOWNSTAIRS"
"361",3,"WALKING_DOWNSTAIRS"
"362",3,"WALKING_DOWNSTAIRS"
"363",3,"WALKING_DOWNSTAIRS"
"364",3,"WALKING_DOWNSTAIRS"
"365",3,"WALKING_DOWNSTAIRS"
"366",3,"WALKING_DOWNSTAIRS"
"367",3,"WALKING_DOWNSTAIRS"
"368",3,"WALKING_DOWNSTAIRS"
"369",3,"WALKING_DOWNSTAIRS"
"370",3,"WALKING_DOWNSTAIRS"
"371",3,"WALKING_DOWNSTAIRS"
"372",3,"WALKING_DOWNSTAIRS"
"373",3,"WALKING_DOWNSTAIRS"
"374",3,"WALKING_DOWNSTAIRS"
"375",3,"WALKING_DOWNSTAIRS"
"376",3,"WALKING_DOWNSTAIRS"
"377",3,"WALKING_DOWNSTAIRS"
"378",3,"WALKING_DOWNSTAIRS"
"379",3,"WALKING_DOWNSTAIRS"
"380",3,"WALKING_DOWNSTAIRS"
"381",3,"WALKING_DOWNSTAIRS"
"382",3,"WALKING_DOWNSTAIRS"
"383",3,"WALKING_DOWNSTAIRS"
"384",3,"WALKING_DOWNSTAIRS"
"385",3,"WALKING_DOWNSTAIRS"
"386",3,"WALKING_DOWNSTAIRS"
"387",3,"WALKING_DOWNSTAIRS"
"388",3,"WALKING_DOWNSTAIRS"
"389",3,"WALKING_DOWNSTAIRS"
"390",3,"WALKING_DOWNSTAIRS"
"391",3,"WALKING_DOWNSTAIRS"
"392",3,"WALKING_DOWNSTAIRS"
"393",3,"WALKING_DOWNSTAIRS"
"394",3,"WALKING_DOWNSTAIRS"
"395",3,"WALKING_DOWNSTAIRS"
"396",3,"WALKING_DOWNSTAIRS"
"397",3,"WALKING_DOWNSTAIRS"
"398",3,"WALKING_DOWNSTAIRS"
"399",3,"WALKING_DOWNSTAIRS"
"400",3,"WALKING_DOWNSTAIRS"
"401",3,"WALKING_DOWNSTAIRS"
"402",3,"WALKING_DOWNSTAIRS"
"403",3,"WALKING_DOWNSTAIRS"
"404",3,"WALKING_DOWNSTAIRS"
"405",3,"WALKING_DOWNSTAIRS"
"406",3,"WALKING_DOWNSTAIRS"
"407",3,"WALKING_DOWNSTAIRS"
"408",3,"WALKING_DOWNSTAIRS"
"409",3,"WALKING_DOWNSTAIRS"
"410",3,"WALKING_DOWNSTAIRS"
"411",3,"WALKING_DOWNSTAIRS"
"412",3,"WALKING_DOWNSTAIRS"
"413",3,"WALKING_DOWNSTAIRS"
"414",3,"WALKING_DOWNSTAIRS"
"415",3,"WALKING_DOWNSTAIRS"
"416",3,"WALKING_DOWNSTAIRS"
"417",3,"WALKING_DOWNSTAIRS"
"418",3,"WALKING_DOWNSTAIRS"
"419",3,"WALKING_DOWNSTAIRS"
"420",3,"WALKING_DOWNSTAIRS"
"421",3,"WALKING_DOWNSTAIRS"
"422",3,"WALKING_DOWNSTAIRS"
"423",3,"WALKING_DOWNSTAIRS"
"424",3,"WALKING_DOWNSTAIRS"
"425",3,"WALKING_DOWNSTAIRS"
"426",3,"WALKING_DOWNSTAIRS"
"427",3,"WALKING_DOWNSTAIRS"
"428",3,"WALKING_DOWNSTAIRS"
"429",3,"WALKING_DOWNSTAIRS"
"430",3,"WALKING_DOWNSTAIRS"
"431",3,"WALKING_DOWNSTAIRS"
"432",3,"WALKING_DOWNSTAIRS"
"433",3,"WALKING_DOWNSTAIRS"
"434",3,"WALKING_DOWNSTAIRS"
"435",3,"WALKING_DOWNSTAIRS"
"436",3,"WALKING_DOWNSTAIRS"
"437",3,"WALKING_DOWNSTAIRS"
"438",3,"WALKING_DOWNSTAIRS"
"439",3,"WALKING_DOWNSTAIRS"
"440",3,"WALKING_DOWNSTAIRS"
"441",3,"WALKING_DOWNSTAIRS"
"442",3,"WALKING_DOWNSTAIRS"
"443",3,"WALKING_DOWNSTAIRS"
"444",3,"WALKING_DOWNSTAIRS"
"445",3,"WALKING_DOWNSTAIRS"
"446",3,"WALKING_DOWNSTAIRS"
"447",3,"WALKING_DOWNSTAIRS"
"448",3,"WALKING_DOWNSTAIRS"
"449",3,"WALKING_DOWNSTAIRS"
"450",3,"WALKING_DOWNSTAIRS"
"451",3,"WALKING_DOWNSTAIRS"
"452",3,"WALKING_DOWNSTAIRS"
"453",3,"WALKING_DOWNSTAIRS"
"454",3,"WALKING_DOWNSTAIRS"
"455",3,"WALKING_DOWNSTAIRS"
"456",3,"WALKING_DOWNSTAIRS"
"457",3,"WALKING_DOWNSTAIRS"
"458",3,"WALKING_DOWNSTAIRS"
"459",3,"WALKING_DOWNSTAIRS"
"460",3,"WALKING_DOWNSTAIRS"
"461",3,"WALKING_DOWNSTAIRS"
"462",3,"WALKING_DOWNSTAIRS"
"463",3,"WALKING_DOWNSTAIRS"
"464",3,"WALKING_DOWNSTAIRS"
"465",3,"WALKING_DOWNSTAIRS"
"466",3,"WALKING_DOWNSTAIRS"
"467",3,"WALKING_DOWNSTAIRS"
"468",3,"WALKING_DOWNSTAIRS"
"469",3,"WALKING_DOWNSTAIRS"
"470",3,"WALKING_DOWNSTAIRS"
"471",3,"WALKING_DOWNSTAIRS"
"472",3,"WALKING_DOWNSTAIRS"
"473",3,"WALKING_DOWNSTAIRS"
"474",3,"WALKING_DOWNSTAIRS"
"475",3,"WALKING_DOWNSTAIRS"
"476",3,"WALKING_DOWNSTAIRS"
"477",3,"WALKING_DOWNSTAIRS"
"478",3,"WALKING_DOWNSTAIRS"
"479",3,"WALKING_DOWNSTAIRS"
"480",3,"WALKING_DOWNSTAIRS"
"481",3,"WALKING_DOWNSTAIRS"
"482",3,"WALKING_DOWNSTAIRS"
"483",3,"WALKING_DOWNSTAIRS"
"484",3,"WALKING_DOWNSTAIRS"
"485",3,"WALKING_DOWNSTAIRS"
"486",3,"WALKING_DOWNSTAIRS"
"487",3,"WALKING_DOWNSTAIRS"
"488",3,"WALKING_DOWNSTAIRS"
"489",3,"WALKING_DOWNSTAIRS"
"490",3,"WALKING_DOWNSTAIRS"
"491",3,"WALKING_DOWNSTAIRS"
"492",3,"WALKING_DOWNSTAIRS"
"493",3,"WALKING_DOWNSTAIRS"
"494",3,"WALKING_DOWNSTAIRS"
"495",3,"WALKING_DOWNSTAIRS"
"496",3,"WALKING_DOWNSTAIRS"
"497",3,"WALKING_DOWNSTAIRS"
"498",3,"WALKING_DOWNSTAIRS"
"499",3,"WALKING_DOWNSTAIRS"
"500",3,"WALKING_DOWNSTAIRS"
"501",3,"WALKING_DOWNSTAIRS"
"502",3,"WALKING_DOWNSTAIRS"
"503",3,"WALKING_DOWNSTAIRS"
"504",3,"WALKING_DOWNSTAIRS"
"505",3,"WALKING_DOWNSTAIRS"
"506",3,"WALKING_DOWNSTAIRS"
"507",3,"WALKING_DOWNSTAIRS"
"508",3,"WALKING_DOWNSTAIRS"
"509",3,"WALKING_DOWNSTAIRS"
"510",3,"WALKING_DOWNSTAIRS"
"511",3,"WALKING_DOWNSTAIRS"
"512",3,"WALKING_DOWNSTAIRS"
"513",3,"WALKING_DOWNSTAIRS"
"514",3,"WALKING_DOWNSTAIRS"
"515",3,"WALKING_DOWNSTAIRS"
"516",3,"WALKING_DOWNSTAIRS"
"517",3,"WALKING_DOWNSTAIRS"
"518",3,"WALKING_DOWNSTAIRS"
"519",3,"WALKING_DOWNSTAIRS"
"520",3,"WALKING_DOWNSTAIRS"
"521",3,"WALKING_DOWNSTAIRS"
"522",3,"WALKING_DOWNSTAIRS"
"523",3,"WALKING_DOWNSTAIRS"
"524",3,"WALKING_DOWNSTAIRS"
"525",3,"WALKING_DOWNSTAIRS"
"526",3,"WALKING_DOWNSTAIRS"
"527",3,"WALKING_DOWNSTAIRS"
"528",3,"WALKING_DOWNSTAIRS"
"529",3,"WALKING_DOWNSTAIRS"
"530",3,"WALKING_DOWNSTAIRS"
"531",3,"WALKING_DOWNSTAIRS"
"532",3,"WALKING_DOWNSTAIRS"
"533",3,"WALKING_DOWNSTAIRS"
"534",3,"WALKING_DOWNSTAIRS"
"535",3,"WALKING_DOWNSTAIRS"
"536",3,"WALKING_DOWNSTAIRS"
"537",3,"WALKING_DOWNSTAIRS"
"538",3,"WALKING_DOWNSTAIRS"
"539",3,"WALKING_DOWNSTAIRS"
"540",3,"WALKING_DOWNSTAIRS"
"541",3,"WALKING_DOWNSTAIRS"
"542",3,"WALKING_DOWNSTAIRS"
"543",3,"WALKING_DOWNSTAIRS"
"544",3,"WALKING_DOWNSTAIRS"
"545",3,"WALKING_DOWNSTAIRS"
"546",3,"WALKING_DOWNSTAIRS"
"547",3,"WALKING_DOWNSTAIRS"
"548",3,"WALKING_DOWNSTAIRS"
"549",3,"WALKING_DOWNSTAIRS"
"550",3,"WALKING_DOWNSTAIRS"
"551",3,"WALKING_DOWNSTAIRS"
"552",3,"WALKING_DOWNSTAIRS"
"553",3,"WALKING_DOWNSTAIRS"
"554",3,"WALKING_DOWNSTAIRS"
"555",3,"WALKING_DOWNSTAIRS"
"556",3,"WALKING_DOWNSTAIRS"
"557",3,"WALKING_DOWNSTAIRS"
"558",3,"WALKING_DOWNSTAIRS"
"559",3,"WALKING_DOWNSTAIRS"
"560",3,"WALKING_DOWNSTAIRS"
"561",3,"WALKING_DOWNSTAIRS"
"562",3,"WALKING_DOWNSTAIRS"
"563",3,"WALKING_DOWNSTAIRS"
"564",3,"WALKING_DOWNSTAIRS"
"565",3,"WALKING_DOWNSTAIRS"
"566",3,"WALKING_DOWNSTAIRS"
"567",3,"WALKING_DOWNSTAIRS"
"568",3,"WALKING_DOWNSTAIRS"
"569",3,"WALKING_DOWNSTAIRS"
"570",3,"WALKING_DOWNSTAIRS"
"571",3,"WALKING_DOWNSTAIRS"
"572",3,"WALKING_DOWNSTAIRS"
"573",3,"WALKING_DOWNSTAIRS"
"574",3,"WALKING_DOWNSTAIRS"
"575",3,"WALKING_DOWNSTAIRS"
"576",3,"WALKING_DOWNSTAIRS"
"577",3,"WALKING_DOWNSTAIRS"
"578",3,"WALKING_DOWNSTAIRS"
"579",3,"WALKING_DOWNSTAIRS"
"580",3,"WALKING_DOWNSTAIRS"
"581",3,"WALKING_DOWNSTAIRS"
"582",3,"WALKING_DOWNSTAIRS"
"583",3,"WALKING_DOWNSTAIRS"
"584",3,"WALKING_DOWNSTAIRS"
"585",3,"WALKING_DOWNSTAIRS"
"586",3,"WALKING_DOWNSTAIRS"
"587",3,"WALKING_DOWNSTAIRS"
"588",3,"WALKING_DOWNSTAIRS"
"589",3,"WALKING_DOWNSTAIRS"
"590",3,"WALKING_DOWNSTAIRS"
"591",3,"WALKING_DOWNSTAIRS"
"592",3,"WALKING_DOWNSTAIRS"
"593",3,"WALKING_DOWNSTAIRS"
"594",3,"WALKING_DOWNSTAIRS"
"595",3,"WALKING_DOWNSTAIRS"
"596",3,"WALKING_DOWNSTAIRS"
"597",3,"WALKING_DOWNSTAIRS"
"598",3,"WALKING_DOWNSTAIRS"
"599",3,"WALKING_DOWNSTAIRS"
"600",3,"WALKING_DOWNSTAIRS"
"601",3,"WALKING_DOWNSTAIRS"
"602",3,"WALKING_DOWNSTAIRS"
"603",3,"WALKING_DOWNSTAIRS"
"604",3,"WALKING_DOWNSTAIRS"
"605",3,"WALKING_DOWNSTAIRS"
"606",3,"WALKING_DOWNSTAIRS"
"607",3,"WALKING_DOWNSTAIRS"
"608",3,"WALKING_DOWNSTAIRS"
"609",3,"WALKING_DOWNSTAIRS"
"610",3,"WALKING_DOWNSTAIRS"
"611",3,"WALKING_DOWNSTAIRS"
"612",3,"WALKING_DOWNSTAIRS"
"613",3,"WALKING_DOWNSTAIRS"
"614",3,"WALKING_DOWNSTAIRS"
"615",3,"WALKING_DOWNSTAIRS"
"616",3,"WALKING_DOWNSTAIRS"
"617",3,"WALKING_DOWNSTAIRS"
"618",3,"WALKING_DOWNSTAIRS"
"619",3,"WALKING_DOWNSTAIRS"
"620",3,"WALKING_DOWNSTAIRS"
"621",3,"WALKING_DOWNSTAIRS"
"622",3,"WALKING_DOWNSTAIRS"
"623",3,"WALKING_DOWNSTAIRS"
"624",3,"WALKING_DOWNSTAIRS"
"625",3,"WALKING_DOWNSTAIRS"
"626",3,"WALKING_DOWNSTAIRS"
"627",3,"WALKING_DOWNSTAIRS"
"628",3,"WALKING_DOWNSTAIRS"
"629",3,"WALKING_DOWNSTAIRS"
"630",3,"WALKING_DOWNSTAIRS"
"631",3,"WALKING_DOWNSTAIRS"
"632",3,"WALKING_DOWNSTAIRS"
"633",3,"WALKING_DOWNSTAIRS"
"634",3,"WALKING_DOWNSTAIRS"
"635",3,"WALKING_DOWNSTAIRS"
"636",3,"WALKING_DOWNSTAIRS"
"637",3,"WALKING_DOWNSTAIRS"
"638",3,"WALKING_DOWNSTAIRS"
"639",3,"WALKING_DOWNSTAIRS"
"640",3,"WALKING_DOWNSTAIRS"
"641",3,"WALKING_DOWNSTAIRS"
"642",3,"WALKING_DOWNSTAIRS"
"643",3,"WALKING_DOWNSTAIRS"
"644",3,"WALKING_DOWNSTAIRS"
"645",3,"WALKING_DOWNSTAIRS"
"646",3,"WALKING_DOWNSTAIRS"
"647",3,"WALKING_DOWNSTAIRS"
"648",3,"WALKING_DOWNSTAIRS"
"649",3,"WALKING_DOWNSTAIRS"
"650",3,"WALKING_DOWNSTAIRS"
"651",3,"WALKING_DOWNSTAIRS"
"652",3,"WALKING_DOWNSTAIRS"
"653",3,"WALKING_DOWNSTAIRS"
"654",3,"WALKING_DOWNSTAIRS"
"655",3,"WALKING_DOWNSTAIRS"
"656",3,"WALKING_DOWNSTAIRS"
"657",3,"WALKING_DOWNSTAIRS"
"658",3,"WALKING_DOWNSTAIRS"
"659",3,"WALKING_DOWNSTAIRS"
"660",3,"WALKING_DOWNSTAIRS"
"661",3,"WALKING_DOWNSTAIRS"
"662",3,"WALKING_DOWNSTAIRS"
"663",3,"WALKING_DOWNSTAIRS"
"664",3,"WALKING_DOWNSTAIRS"
"665",3,"WALKING_DOWNSTAIRS"
"666",3,"WALKING_DOWNSTAIRS"
"667",3,"WALKING_DOWNSTAIRS"
"668",3,"WALKING_DOWNSTAIRS"
"669",3,"WALKING_DOWNSTAIRS"
"670",3,"WALKING_DOWNSTAIRS"
"671",3,"WALKING_DOWNSTAIRS"
"672",3,"WALKING_DOWNSTAIRS"
"673",3,"WALKING_DOWNSTAIRS"
"674",3,"WALKING_DOWNSTAIRS"
"675",3,"WALKING_DOWNSTAIRS"
"676",3,"WALKING_DOWNSTAIRS"
"677",3,"WALKING_DOWNSTAIRS"
"678",3,"WALKING_DOWNSTAIRS"
"679",3,"WALKING_DOWNSTAIRS"
"680",3,"WALKING_DOWNSTAIRS"
"681",3,"WALKING_DOWNSTAIRS"
"682",3,"WALKING_DOWNSTAIRS"
"683",3,"WALKING_DOWNSTAIRS"
"684",3,"WALKING_DOWNSTAIRS"
"685",3,"WALKING_DOWNSTAIRS"
"686",3,"WALKING_DOWNSTAIRS"
"687",3,"WALKING_DOWNSTAIRS"
"688",3,"WALKING_DOWNSTAIRS"
"689",5,"STANDING"
"690",5,"STANDING"
"691",5,"STANDING"
"692",5,"STANDING"
"693",5,"STANDING"
"694",5,"STANDING"
"695",5,"STANDING"
"696",5,"STANDING"
"697",5,"STANDING"
"698",5,"STANDING"
"699",5,"STANDING"
"700",5,"STANDING"
"701",5,"STANDING"
"702",5,"STANDING"
"703",5,"STANDING"
"704",5,"STANDING"
"705",5,"STANDING"
"706",5,"STANDING"
"707",5,"STANDING"
"708",5,"STANDING"
"709",5,"STANDING"
"710",5,"STANDING"
"711",5,"STANDING"
"712",5,"STANDING"
"713",5,"STANDING"
"714",5,"STANDING"
"715",5,"STANDING"
"716",5,"STANDING"
"717",5,"STANDING"
"718",5,"STANDING"
"719",5,"STANDING"
"720",5,"STANDING"
"721",5,"STANDING"
"722",5,"STANDING"
"723",5,"STANDING"
"724",5,"STANDING"
"725",5,"STANDING"
"726",5,"STANDING"
"727",5,"STANDING"
"728",5,"STANDING"
"729",5,"STANDING"
"730",5,"STANDING"
"731",5,"STANDING"
"732",5,"STANDING"
"733",5,"STANDING"
"734",5,"STANDING"
"735",5,"STANDING"
"736",5,"STANDING"
"737",5,"STANDING"
"738",5,"STANDING"
"739",5,"STANDING"
"740",5,"STANDING"
"741",5,"STANDING"
"742",5,"STANDING"
"743",5,"STANDING"
"744",5,"STANDING"
"745",5,"STANDING"
"746",5,"STANDING"
"747",5,"STANDING"
"748",5,"STANDING"
"749",5,"STANDING"
"750",5,"STANDING"
"751",5,"STANDING"
"752",5,"STANDING"
"753",5,"STANDING"
"754",5,"STANDING"
"755",5,"STANDING"
"756",5,"STANDING"
"757",5,"STANDING"
"758",5,"STANDING"
"759",5,"STANDING"
"760",5,"STANDING"
"761",5,"STANDING"
"762",5,"STANDING"
"763",5,"STANDING"
"764",5,"STANDING"
"765",5,"STANDING"
"766",5,"STANDING"
"767",5,"STANDING"
"768",5,"STANDING"
"769",5,"STANDING"
"770",5,"STANDING"
"771",5,"STANDING"
"772",5,"STANDING"
"773",5,"STANDING"
"774",5,"STANDING"
"775",5,"STANDING"
"776",5,"STANDING"
"777",5,"STANDING"
"778",5,"STANDING"
"779",5,"STANDING"
"780",5,"STANDING"
"781",5,"STANDING"
"782",5,"STANDING"
"783",5,"STANDING"
"784",5,"STANDING"
"785",5,"STANDING"
"786",5,"STANDING"
"787",5,"STANDING"
"788",5,"STANDING"
"789",5,"STANDING"
"790",5,"STANDING"
"791",5,"STANDING"
"792",5,"STANDING"
"793",5,"STANDING"
"794",5,"STANDING"
"795",5,"STANDING"
"796",5,"STANDING"
"797",5,"STANDING"
"798",5,"STANDING"
"799",5,"STANDING"
"800",5,"STANDING"
"801",5,"STANDING"
"802",5,"STANDING"
"803",5,"STANDING"
"804",5,"STANDING"
"805",5,"STANDING"
"806",5,"STANDING"
"807",5,"STANDING"
"808",5,"STANDING"
"809",5,"STANDING"
"810",5,"STANDING"
"811",5,"STANDING"
"812",5,"STANDING"
"813",5,"STANDING"
"814",5,"STANDING"
"815",5,"STANDING"
"816",5,"STANDING"
"817",5,"STANDING"
"818",5,"STANDING"
"819",5,"STANDING"
"820",5,"STANDING"
"821",5,"STANDING"
"822",5,"STANDING"
"823",5,"STANDING"
"824",5,"STANDING"
"825",5,"STANDING"
"826",5,"STANDING"
"827",5,"STANDING"
"828",5,"STANDING"
"829",5,"STANDING"
"830",5,"STANDING"
"831",5,"STANDING"
"832",5,"STANDING"
"833",5,"STANDING"
"834",5,"STANDING"
"835",5,"STANDING"
"836",5,"STANDING"
"837",5,"STANDING"
"838",5,"STANDING"
"839",5,"STANDING"
"840",5,"STANDING"
"841",5,"STANDING"
"842",5,"STANDING"
"843",5,"STANDING"
"844",5,"STANDING"
"845",5,"STANDING"
"846",5,"STANDING"
"847",5,"STANDING"
"848",5,"STANDING"
"849",5,"STANDING"
"850",5,"STANDING"
"851",5,"STANDING"
"852",5,"STANDING"
"853",5,"STANDING"
"854",5,"STANDING"
"855",5,"STANDING"
"856",5,"STANDING"
"857",5,"STANDING"
"858",5,"STANDING"
"859",5,"STANDING"
"860",5,"STANDING"
"861",5,"STANDING"
"862",5,"STANDING"
"863",5,"STANDING"
"864",5,"STANDING"
"865",5,"STANDING"
"866",5,"STANDING"
"867",5,"STANDING"
"868",5,"STANDING"
"869",5,"STANDING"
"870",5,"STANDING"
"871",5,"STANDING"
"872",5,"STANDING"
"873",5,"STANDING"
"874",5,"STANDING"
"875",5,"STANDING"
"876",5,"STANDING"
"877",5,"STANDING"
"878",5,"STANDING"
"879",5,"STANDING"
"880",5,"STANDING"
"881",5,"STANDING"
"882",5,"STANDING"
"883",5,"STANDING"
"884",5,"STANDING"
"885",5,"STANDING"
"886",5,"STANDING"
"887",5,"STANDING"
"888",5,"STANDING"
"889",5,"STANDING"
"890",5,"STANDING"
"891",5,"STANDING"
"892",5,"STANDING"
"893",5,"STANDING"
"894",5,"STANDING"
"895",5,"STANDING"
"896",5,"STANDING"
"897",5,"STANDING"
"898",5,"STANDING"
"899",5,"STANDING"
"900",5,"STANDING"
"901",5,"STANDING"
"902",5,"STANDING"
"903",5,"STANDING"
"904",5,"STANDING"
"905",5,"STANDING"
"906",5,"STANDING"
"907",5,"STANDING"
"908",5,"STANDING"
"909",5,"STANDING"
"910",5,"STANDING"
"911",5,"STANDING"
"912",5,"STANDING"
"913",5,"STANDING"
"914",5,"STANDING"
"915",5,"STANDING"
"916",5,"STANDING"
"917",5,"STANDING"
"918",5,"STANDING"
"919",5,"STANDING"
"920",5,"STANDING"
"921",5,"STANDING"
"922",5,"STANDING"
"923",5,"STANDING"
"924",5,"STANDING"
"925",5,"STANDING"
"926",5,"STANDING"
"927",5,"STANDING"
"928",5,"STANDING"
"929",5,"STANDING"
"930",5,"STANDING"
"931",5,"STANDING"
"932",5,"STANDING"
"933",5,"STANDING"
"934",5,"STANDING"
"935",5,"STANDING"
"936",5,"STANDING"
"937",5,"STANDING"
"938",5,"STANDING"
"939",5,"STANDING"
"940",5,"STANDING"
"941",5,"STANDING"
"942",5,"STANDING"
"943",5,"STANDING"
"944",5,"STANDING"
"945",5,"STANDING"
"946",5,"STANDING"
"947",5,"STANDING"
"948",5,"STANDING"
"949",5,"STANDING"
"950",5,"STANDING"
"951",5,"STANDING"
"952",5,"STANDING"
"953",5,"STANDING"
"954",5,"STANDING"
"955",5,"STANDING"
"956",5,"STANDING"
"957",5,"STANDING"
"958",5,"STANDING"
"959",5,"STANDING"
"960",5,"STANDING"
"961",5,"STANDING"
"962",5,"STANDING"
"963",5,"STANDING"
"964",5,"STANDING"
"965",5,"STANDING"
"966",5,"STANDING"
"967",5,"STANDING"
"968",5,"STANDING"
"969",5,"STANDING"
"970",5,"STANDING"
"971",5,"STANDING"
"972",5,"STANDING"
"973",5,"STANDING"
"974",5,"STANDING"
"975",5,"STANDING"
"976",5,"STANDING"
"977",5,"STANDING"
"978",5,"STANDING"
"979",5,"STANDING"
"980",5,"STANDING"
"981",5,"STANDING"
"982",5,"STANDING"
"983",5,"STANDING"
"984",5,"STANDING"
"985",5,"STANDING"
"986",5,"STANDING"
"987",5,"STANDING"
"988",5,"STANDING"
"989",5,"STANDING"
"990",5,"STANDING"
"991",6,"LAYING"
"992",6,"LAYING"
"993",6,"LAYING"
"994",6,"LAYING"
"995",6,"LAYING"
"996",6,"LAYING"
"997",6,"LAYING"
"998",6,"LAYING"
"999",6,"LAYING"
"1000",6,"LAYING"
"1001",6,"LAYING"
"1002",6,"LAYING"
"1003",6,"LAYING"
"1004",6,"LAYING"
"1005",6,"LAYING"
"1006",6,"LAYING"
"1007",6,"LAYING"
"1008",6,"LAYING"
"1009",6,"LAYING"
"1010",6,"LAYING"
"1011",6,"LAYING"
"1012",6,"LAYING"
"1013",6,"LAYING"
"1014",6,"LAYING"
"1015",6,"LAYING"
"1016",6,"LAYING"
"1017",6,"LAYING"
"1018",6,"LAYING"
"1019",6,"LAYING"
"1020",6,"LAYING"
"1021",6,"LAYING"
"1022",6,"LAYING"
"1023",6,"LAYING"
"1024",6,"LAYING"
"1025",6,"LAYING"
"1026",6,"LAYING"
"1027",6,"LAYING"
"1028",6,"LAYING"
"1029",6,"LAYING"
"1030",6,"LAYING"
"1031",6,"LAYING"
"1032",6,"LAYING"
"1033",6,"LAYING"
"1034",6,"LAYING"
"1035",6,"LAYING"
"1036",6,"LAYING"
"1037",6,"LAYING"
"1038",6,"LAYING"
"1039",6,"LAYING"
"1040",6,"LAYING"
"1041",6,"LAYING"
"1042",6,"LAYING"
"1043",6,"LAYING"
"1044",6,"LAYING"
"1045",6,"LAYING"
"1046",6,"LAYING"
"1047",6,"LAYING"
"1048",6,"LAYING"
"1049",6,"LAYING"
"1050",6,"LAYING"
"1051",6,"LAYING"
"1052",6,"LAYING"
"1053",6,"LAYING"
"1054",6,"LAYING"
"1055",6,"LAYING"
"1056",6,"LAYING"
"1057",6,"LAYING"
"1058",6,"LAYING"
"1059",6,"LAYING"
"1060",6,"LAYING"
"1061",6,"LAYING"
"1062",6,"LAYING"
"1063",6,"LAYING"
"1064",6,"LAYING"
"1065",6,"LAYING"
"1066",6,"LAYING"
"1067",6,"LAYING"
"1068",6,"LAYING"
"1069",6,"LAYING"
"1070",6,"LAYING"
"1071",6,"LAYING"
"1072",6,"LAYING"
"1073",6,"LAYING"
"1074",6,"LAYING"
"1075",6,"LAYING"
"1076",6,"LAYING"
"1077",6,"LAYING"
"1078",6,"LAYING"
"1079",6,"LAYING"
"1080",6,"LAYING"
"1081",6,"LAYING"
"1082",6,"LAYING"
"1083",6,"LAYING"
"1084",6,"LAYING"
"1085",6,"LAYING"
"1086",6,"LAYING"
"1087",6,"LAYING"
"1088",6,"LAYING"
"1089",6,"LAYING"
"1090",6,"LAYING"
"1091",6,"LAYING"
"1092",6,"LAYING"
"1093",6,"LAYING"
"1094",6,"LAYING"
"1095",6,"LAYING"
"1096",6,"LAYING"
"1097",6,"LAYING"
"1098",6,"LAYING"
"1099",6,"LAYING"
"1100",6,"LAYING"
"1101",6,"LAYING"
"1102",6,"LAYING"
"1103",6,"LAYING"
"1104",6,"LAYING"
"1105",6,"LAYING"
"1106",6,"LAYING"
"1107",6,"LAYING"
"1108",6,"LAYING"
"1109",6,"LAYING"
"1110",6,"LAYING"
"1111",6,"LAYING"
"1112",6,"LAYING"
"1113",6,"LAYING"
"1114",6,"LAYING"
"1115",6,"LAYING"
"1116",6,"LAYING"
"1117",6,"LAYING"
"1118",6,"LAYING"
"1119",6,"LAYING"
"1120",6,"LAYING"
"1121",6,"LAYING"
"1122",6,"LAYING"
"1123",6,"LAYING"
"1124",6,"LAYING"
"1125",6,"LAYING"
"1126",6,"LAYING"
"1127",6,"LAYING"
"1128",6,"LAYING"
"1129",6,"LAYING"
"1130",6,"LAYING"
"1131",6,"LAYING"
"1132",6,"LAYING"
"1133",6,"LAYING"
"1134",6,"LAYING"
"1135",6,"LAYING"
"1136",6,"LAYING"
"1137",6,"LAYING"
"1138",6,"LAYING"
"1139",6,"LAYING"
"1140",6,"LAYING"
"1141",6,"LAYING"
"1142",6,"LAYING"
"1143",6,"LAYING"
"1144",6,"LAYING"
"1145",6,"LAYING"
"1146",6,"LAYING"
"1147",6,"LAYING"
"1148",6,"LAYING"
"1149",6,"LAYING"
"1150",6,"LAYING"
"1151",6,"LAYING"
"1152",6,"LAYING"
"1153",6,"LAYING"
"1154",6,"LAYING"
"1155",6,"LAYING"
"1156",6,"LAYING"
"1157",6,"LAYING"
"1158",6,"LAYING"
"1159",6,"LAYING"
"1160",6,"LAYING"
"1161",6,"LAYING"
"1162",6,"LAYING"
"1163",6,"LAYING"
"1164",6,"LAYING"
"1165",6,"LAYING"
"1166",6,"LAYING"
"1167",6,"LAYING"
"1168",6,"LAYING"
"1169",6,"LAYING"
"1170",6,"LAYING"
"1171",6,"LAYING"
"1172",6,"LAYING"
"1173",6,"LAYING"
"1174",6,"LAYING"
"1175",6,"LAYING"
"1176",6,"LAYING"
"1177",6,"LAYING"
"1178",6,"LAYING"
"1179",6,"LAYING"
"1180",6,"LAYING"
"1181",6,"LAYING"
"1182",6,"LAYING"
"1183",6,"LAYING"
"1184",6,"LAYING"
"1185",6,"LAYING"
"1186",6,"LAYING"
"1187",6,"LAYING"
"1188",6,"LAYING"
"1189",6,"LAYING"
"1190",6,"LAYING"
"1191",6,"LAYING"
"1192",6,"LAYING"
"1193",6,"LAYING"
"1194",6,"LAYING"
"1195",6,"LAYING"
"1196",6,"LAYING"
"1197",6,"LAYING"
"1198",6,"LAYING"
"1199",6,"LAYING"
"1200",6,"LAYING"
"1201",6,"LAYING"
"1202",6,"LAYING"
"1203",6,"LAYING"
"1204",6,"LAYING"
"1205",6,"LAYING"
"1206",6,"LAYING"
"1207",6,"LAYING"
"1208",6,"LAYING"
"1209",6,"LAYING"
"1210",6,"LAYING"
"1211",6,"LAYING"
"1212",6,"LAYING"
"1213",6,"LAYING"
"1214",6,"LAYING"
"1215",6,"LAYING"
"1216",6,"LAYING"
"1217",6,"LAYING"
"1218",6,"LAYING"
"1219",6,"LAYING"
"1220",6,"LAYING"
"1221",6,"LAYING"
"1222",6,"LAYING"
"1223",6,"LAYING"
"1224",6,"LAYING"
"1225",6,"LAYING"
"1226",6,"LAYING"
"1227",6,"LAYING"
"1228",6,"LAYING"
"1229",6,"LAYING"
"1230",6,"LAYING"
"1231",6,"LAYING"
"1232",6,"LAYING"
"1233",6,"LAYING"
"1234",6,"LAYING"
"1235",6,"LAYING"
"1236",6,"LAYING"
"1237",6,"LAYING"
"1238",6,"LAYING"
"1239",6,"LAYING"
"1240",6,"LAYING"
"1241",6,"LAYING"
"1242",6,"LAYING"
"1243",6,"LAYING"
"1244",6,"LAYING"
"1245",6,"LAYING"
"1246",6,"LAYING"
"1247",6,"LAYING"
"1248",6,"LAYING"
"1249",6,"LAYING"
"1250",6,"LAYING"
"1251",6,"LAYING"
"1252",6,"LAYING"
"1253",6,"LAYING"
"1254",6,"LAYING"
"1255",6,"LAYING"
"1256",6,"LAYING"
"1257",6,"LAYING"
"1258",6,"LAYING"
"1259",6,"LAYING"
"1260",6,"LAYING"
"1261",6,"LAYING"
"1262",6,"LAYING"
"1263",6,"LAYING"
"1264",6,"LAYING"
"1265",6,"LAYING"
"1266",6,"LAYING"
"1267",6,"LAYING"
"1268",6,"LAYING"
"1269",6,"LAYING"
"1270",6,"LAYING"
"1271",6,"LAYING"
"1272",6,"LAYING"
"1273",6,"LAYING"
"1274",6,"LAYING"
"1275",6,"LAYING"
"1276",6,"LAYING"
"1277",6,"LAYING"
"1278",6,"LAYING"
"1279",6,"LAYING"
"1280",6,"LAYING"
"1281",6,"LAYING"
"1282",6,"LAYING"
"1283",6,"LAYING"
"1284",6,"LAYING"
"1285",6,"LAYING"
"1286",6,"LAYING"
"1287",6,"LAYING"
"1288",6,"LAYING"
"1289",6,"LAYING"
"1290",6,"LAYING"
"1291",6,"LAYING"
"1292",6,"LAYING"
"1293",6,"LAYING"
"1294",6,"LAYING"
"1295",6,"LAYING"
"1296",6,"LAYING"
"1297",6,"LAYING"
"1298",6,"LAYING"
"1299",6,"LAYING"
"1300",6,"LAYING"
"1301",6,"LAYING"
"1302",6,"LAYING"
"1303",6,"LAYING"
"1304",6,"LAYING"
"1305",6,"LAYING"
"1306",6,"LAYING"
"1307",6,"LAYING"
"1308",6,"LAYING"
"1309",6,"LAYING"
"1310",6,"LAYING"
"1311",6,"LAYING"
"1312",6,"LAYING"
"1313",6,"LAYING"
"1314",6,"LAYING"
"1315",6,"LAYING"
